product_id,category,brand,product_name,price_inr,rating,review_count,stock_status,best_for,key_specs,warranty_months,data_note
P001,Phone,Samsung,Galaxy A56 5G,41999,4.5,51000,In Stock,"Balanced everyday phone","8GB RAM; 256GB; 6.7-inch AMOLED; 5G",12,"Indicative India market price"
P002,Phone,OnePlus,13R 5G,32999,4.4,15000,In Stock,"Performance; gaming; battery","12GB RAM; 256GB; Snapdragon 8 Gen 3; 5G",12,"Indicative India market price"
P003,Phone,Apple,iPhone 16e,69900,4.7,10000,In Stock,"iOS; camera; long-term use","A18 chip; 6.1-inch OLED; 48MP Fusion camera; 5G",12,"Indicative India market price"
P004,Phone,Google,Pixel 9a,49999,4.5,8000,In Stock,"Camera; clean Android; AI features","Tensor G4; 6.3-inch OLED; 48MP main camera; 5G",12,"Indicative India market price"
P005,Phone,Nothing,Phone (3a),24999,4.3,6000,In Stock,"Design; value; everyday use","8GB RAM; 128GB; 6.77-inch AMOLED; 5G",12,"Indicative India market price"
P006,Phone,iQOO,Neo 10,36999,4.5,7000,"Limited Stock","Gaming; high performance","Snapdragon 8s Gen 4; AMOLED; 5G; fast charging",12,"Indicative India market price"
P007,Phone,Redmi,Note 14 Pro+ 5G,32999,4.4,12000,In Stock,"Camera; display; value","AMOLED; 200MP main camera; 5G; fast charging",12,"Indicative India market price"
P008,Phone,Motorola,Edge 60 Fusion,22999,4.3,5000,In Stock,"Design; battery; clean software","AMOLED; 5G; 50MP camera; fast charging",12,"Indicative India market price"
P009,Phone,POCO,X7 Pro 5G,27999,4.4,9000,In Stock,"Gaming; performance; value","Dimensity 8400 Ultra; AMOLED; 5G",12,"Indicative India market price"
P010,Phone,Vivo,V50,34999,4.3,6500,In Stock,"Portraits; battery; design","AMOLED; 50MP dual camera; 5G; fast charging",12,"Indicative India market price"
P011,Laptop,ASUS,Vivobook 15,52990,4.1,27,In Stock,"College; office; coding","15.6-inch FHD; Core 3/Core i3 options; 16GB class configurations",12,"Indicative India market price"
P012,Laptop,HP,Victus Gaming 15,119999,4.2,20,In Stock,"Gaming; AI/ML; GPU workloads","15.6-inch FHD high-refresh display; RTX graphics variants",12,"Indicative India market price"
P013,Laptop,Lenovo,IdeaPad Slim 3,59990,4.3,1800,In Stock,"College; productivity; coding","15.6-inch FHD; Intel Core/Core Ultra options; 16GB class configurations",12,"Indicative India market price"
P014,Laptop,Acer,Aspire Lite 15,44990,4.2,900,In Stock,"Budget productivity; college","15.6-inch FHD; Intel Core processors; SSD storage",12,"Indicative India market price"
P015,Laptop,Dell,Inspiron 15 3530,57990,4.1,1100,In Stock,"Office; study; coding","15.6-inch FHD; Intel Core processors; SSD storage",12,"Indicative India market price"
P016,Laptop,HP,Pavilion 14,69990,4.3,1400,In Stock,"Premium college; office; portability","14-inch FHD; Intel Core processors; SSD storage",12,"Indicative India market price"
P017,Laptop,Lenovo,LOQ 15,89990,4.5,2100,In Stock,"Gaming; AI/ML; creator workloads","15.6-inch high-refresh display; RTX graphics variants",12,"Indicative India market price"
P018,Laptop,ASUS,TUF Gaming A15,94990,4.5,3200,In Stock,"Gaming; AI/ML; heavy workloads","15.6-inch high-refresh display; Ryzen processors; RTX graphics variants",12,"Indicative India market price"
P019,Laptop,Acer,Nitro V 15,79990,4.4,1700,In Stock,"Gaming; coding; GPU workloads","15.6-inch high-refresh display; Intel/Ryzen options; RTX graphics variants",12,"Indicative India market price"
P020,Laptop,Apple,MacBook Air 13-inch (M4),99900,4.7,3000,In Stock,"Portability; coding; productivity","13.6-inch Liquid Retina; Apple M4; macOS",12,"Indicative India market price"
P021,Shoes,Nike,Air Max 270,13995,4.5,12000,In Stock,"Lifestyle; casual wear","Max Air cushioning; lifestyle sneaker",3,"Indicative India market price"
P022,Shoes,adidas,Ultraboost 5,12599,4.4,38,In Stock,"Running; walking; daily training","Boost cushioning; running shoe construction",3,"Indicative India market price"
P023,Shoes,adidas,Duramo Speed 2,7999,4.3,900,In Stock,"Running; gym; daily training","Lightweight running build; cushioned midsole",3,"Indicative India market price"
P024,Shoes,Nike,Revolution 7,4995,4.4,6000,In Stock,"Beginner running; walking; gym","Lightweight construction; cushioned running setup",3,"Indicative India market price"
P025,Shoes,Nike,Pegasus 41,11995,4.5,1800,In Stock,"Road running; daily training","Responsive cushioning; road-running design",3,"Indicative India market price"
P026,Shoes,ASICS,Gel-Kayano 31,15999,4.6,1200,In Stock,"Supportive running; overpronation support","Stability-focused running shoe; GEL cushioning",3,"Indicative India market price"
P027,Shoes,ASICS,Gel-Contend 9,5499,4.4,2400,In Stock,"Walking; beginner running; gym","GEL cushioning; everyday running construction",3,"Indicative India market price"
P028,Shoes,Puma,Softride Enzo NXT,4999,4.3,1500,In Stock,"Walking; gym; casual","Soft cushioning; everyday trainer design",3,"Indicative India market price"
P029,Shoes,New Balance,574,8999,4.6,2800,In Stock,"Lifestyle; casual; everyday wear","Classic lifestyle silhouette; cushioned midsole",3,"Indicative India market price"
P030,Shoes,adidas,Runfalcon 5,4499,4.3,1900,In Stock,"Walking; beginner running; daily wear","Lightweight trainer; cushioned midsole",3,"Indicative India market price"